Abaddon;Ancient Apparition, Anti-Mage, Brewmaster, Doom, Outworld Devourer, Shadow Demon;Death Prophet, Mirana, Bane, Batrider, Beastmaster, Chen, Techies, Bloodseeker, Necrophos;Storm Spirit, Phantom Assassin, Io, Axe, Legion Commander, Centaur Warrunner, Oracle
Alchemist;Ancient Apparition, Enchantress, Invoker, Lifestealer, Necrophos, Slardar, Slark, Ursa, Ember Spirit, Juggernaut;Broodmother, Natures Prophet, Phoenix, Undying;Oracle
Ancient Apparition;Anti-Mage, Brewmaster, Mirana, Oracle, Phantom Lancer, Phoenix, Terrorblade, Viper, Weaver;Abaddon, Alchemist, Chen, Dazzle, Death Prophet, Huskar;Faceless Void, Meepo, Shadow Demon, Slark
Anti-Mage;Axe, Bane, Bloodseeker, Disruptor, Doom, Drow Ranger, Grimstroke, Legion Commander, Meepo, Night Stalker, Outworld Devourer, Phantom Assassin, Slardar, Slark, Shadow Demon, Templar Assassin, Troll Warlord, Viper;Ancient Apparition, Abaddon, Arc Warden, Clockwerk, Elder Titan, Medusa, Phoenix, Pugna, Spectre, Storm Spirit, Undying, Venomancer, Wraith King, Zeus;Bane, Bounty Hunter, Dazzle, Dark Seer, Invoker, Lion, Magnus, Oracle, Shadow Demon, Slardar, Treant Protector
Arc Warden;Anti-Mage, Bristleback, Meepo, Naga Siren, Riki, Phantom Lancer, Chaos Knight;Mirana, Terrorblade, Phoenix, Sand King, Sniper, Templar Assassin, Drow Ranger, Enchantress;Ancient Apparition, Drow Ranger
Axe;Doom, Jakiro, Lifestealer, Necrophos, Outworld Devourer, Phoenix, Pugna, Ursa, Undying, Venomancer, Viper;Anti-Mage, Broodmother, Chaos Knight, Dazzle, Huskar, Legion Commander, Natures Prophet, Phantom Assassin, Phantom Lancer, Slark, Terrorblade, Troll Warlord, Weaver;Dark Seer, Dazzle, Enigma, Disruptor, Magnus, Phoenix, Sand King, Skywrath Mage, Tiny, Venomancer, Witch Doctor
Bane;Rubick, Pudge, Slark, Tidehunter;Faceless Void, Legion Commander, Medusa, Phantom Assassin, Shadow Fiend, Troll Warlord, Weaver;Grimstroke, Mirana, Omniknight, Doom, Pudge, Razor, Skywrath Mage, Kunkka
Batrider;Abaddon, Kunkka, Legion Commander, Nyx Assassin, Oracle, Tidehunter, Ursa, Vengeful Spirit, Venomancer, Weaver, Slark;Chen, Meepo, Monkey King, Techies, Templar Assassin, Treant Protector;Ursa, Pugna, Skywrath Mage, Pudge
Beastmaster;Abaddon, Enchantress, Earthshaker, Keeper of the Light, Oracle, Timbersaw, Winter Wyvern;Monkey King, Phoenix, Sven, Templar Assassin, Tinker, Tiny, Troll Warlord, Ursa, Wraith King;Lifestealer, Natures Prophet, Phantom Assassin, Spirit Breaker, Sven, Tinker, Tiny, Underlord, Ursa
Bloodseeker;Abaddon, Dazzle, Ember Spirit, Faceless Void, Medusa, Morphling, Omniknight, Storm Spirit, Techies, Tinker, Troll Warlord, Underlord, Wraith King;Anti-Mage, Clinkz, Huskar, Lycan, Meepo, Mirana, Pangolier, Phoenix, Queen of Pain, Riki, Slark, Sniper, Timbersaw, Weaver, Windranger;Ancient Apparition, Batrider, Bounty Hunter, Earthshaker, Earth Spirit, Invoker, Jakiro, Magnus, Natures Prophet, Phoenix, Queen of Pain, Venomancer, Warlock, Zeus
Bounty Hunter;Bloodseeker, Rubick, Slardar, Spectre, Spirit Breaker, Venomancer, Viper, Zeus;Sniper, Nyx Assassin, Shadow Fiend, Pudge;Invoker, Natures Prophet, Tinker, Spectre, Zeus
Brewmaster;Bane, Death Prophet, Lion, Outworld Devourer, Shadow Shaman, Skywrath Mage;Huskar, Lone Druid, Lycan, Templar Assassin, Ursa;Dazzle, Oracle, Tiny, Invoker, Ancient Apparition
Bristleback;Anti-Mage, Doom, Faceless Void, Grimstroke, Legion Commander, Lion, Necrophos, Outworld Devourer, Razor, Silencer, Slardar, Timbersaw, Viper, Weaver;Arc Warden, Broodmother, Chaos Knight, Huskar, Jakiro, Luna, Lycan, Meepo, Phantom Lancer, Pudge, Riki, Rubick, Sand King;Crystal Maiden, Dazzle, Drow Ranger, Keeper of the Light, Skywrath Mage, Venomancer
Broodmother;Alchemist, Axe, Bristleback, Dark Seer, Dragon Knight, Legion Commander, Lina, Meepo, Necrophos, Sven, Tidehunter, Timbersaw;Ancient Apparition, Chen, Drow Ranger, Enchantress, Natures Prophet, Phantom Assassin, Sniper, Treant Protector;Dazzle, Lifestealer, Lycan
Centaur Warrunner;Disruptor, Lifestealer, Necrophos, Nyx Assassin, Templar Assassin;Arc Warden, Doom, Nyx Assassin, Phantom Assassin, Phantom Lancer, Sniper, Windranger;Abaddon, Mirana, Sven, Tusk, Tiny, Vengeful Spirit, Grimstroke
Chaos Knight;Tinker, Axe, Lion, Terrorblade, Brewmaster, Dragon Knight, Earthshaker, Enigma, Jakiro, Lich, Magnus, Monkey King, Phantom Lancer, Omniknight, Pugna, Sand King, Sven, Tidehunter, Timbersaw, Winter Wyvern, Puck;Bounty Hunter, Lone Druid, Pudge, Silencer, Slark, Techies, Ursa, Viper;Crystal Maiden, Keeper of the Light, Morphling, Shadow Demon
Chen;Enchantress, Earthshaker, Legion Commander, Sven, Lina, Luna, Monkey King, Venomancer, Abaddon, Jakiro, Sand King, Timbersaw, Necrophos, Death Prophet, Dark Seer, Broodmother, Alchemist, Razor, Phoenix, Shadow Shaman, Elder Titan, Batrider, Ancient Apparition, Underlord, Witch Doctor;Techies, Arc Warden, Visage, Clockwerk;Vengeful Spirit
Clinkz;Bounty Hunter, Bloodseeker, Enchantress, Lion, Slardar, Spirit Breaker, Treant Protector;Anti-Mage, Ember Spirit, Huskar, Natures Prophet;Drow Ranger, Omniknight, Vengeful Spirit
Clockwerk;Anti-Mage, Chen, Clinkz, Dazzle, Disruptor, Ember Spirit, Huskar, Juggernaut, Lifestealer, Morphling, Omniknight, Phantom Lancer, Phoenix, Queen of Pain, Terrorblade, Ursa, Visage;Earthshaker, Drow Ranger, Legion Commander, Monkey King, Pudge, Sniper, Spirit Breaker, Tinker, Windranger;Dark Seer, Invoker, Lifestealer, Mirana, Shadow Demon
Crystal Maiden;Bounty Hunter, Bristleback, Clockwerk, Doom, Earth Spirit, Legion Commander, Naga Siren, Nyx Assassin, Tidehunter, Tusk, Visage;Slark, Phantom Assassin, Templar Assassin;Juggernaut, Timbersaw, Sven
Dark Seer;Anti-Mage, Ember Spirit, Oracle, Sniper;Broodmother, Templar Assassin, Treant Protector, Meepo, Venomancer;Bounty Hunter, Elder Titan, Enigma, Riki, Sven, Venomancer
Dark Willow;Anti-Mage, Axe, Bristleback, Drow Ranger, Ember Spirit, Juggernaut, Lifestealer, Nyx Assassin, Oracle, Puck, Pudge, Riki, Silencer, Storm Spirit;Bloodseeker, Faceless Void, Monkey King, Meepo, Spirit Breaker, Timbersaw, Troll Warlord, Windranger;Rubick, Ember Spirit, Invoker, Juggernaut, Lina, Mirana, Phoenix, Puck, Warlock, Weaver
Dazzle;Ancient Apparition, Axe, Naga Siren, Outworld Devourer, Phantom Lancer, Silencer, Doom;Clockwerk, Legion Commander, Necrophos, Venomancer;Brewmaster, Broodmother, Huskar, Meepo, Naga Siren, Phantom Lancer
Death Prophet;Ancient Apparition, Anti-Mage, Doom, Legion Commander, Omniknight, Shadow Fiend;Zeus, Invoker, Morphling, Timbersaw, Natures Prophet;Enigma, Faceless Void
Disruptor;Juggernaut, Lifestealer, Omniknight, Phantom Lancer, Pugna;Slark, Queen of Pain, Anti-Mage, Tidehunter, Storm Spirit, Io;Zeus, Anti-Mage, Keeper of the Light, Elder Titan, Warlock, Clinkz
Doom;Alchemist, Centaur Warrunner, Drow Ranger, Lifestealer, Lone Druid, Medusa, Necrophos, Phantom Lancer, Sniper, Viper, Wraith King;Axe, Timbersaw, Anti-Mage, Bristleback, Ember Spirit, Invoker, Omniknight, Tinker, Elder Titan, Faceless Void, Arc Warden;Ancient Apparition, Crystal Maiden, Grimstroke, Sven, Bane
Dragon Knight;Ancient Apparition, Bristleback, Lich, Necrophos, Outworld Devourer, Razor, Timbersaw, Viper;Bloodseeker, Clinkz, Nyx Assassin, Riki, Spirit Breaker, Templar Assassin, Witch Doctor;Chen, Crystal Maiden, Enigma, Magnus, Medusa, Treant Protector, Vengeful Spirit
Drow Ranger;Tinker, Tusk, Axe, Clockwerk, Huskar, Lycan, Riki, Phantom Lancer, Pudge, Chaos Knight, Nyx Assassin, Omniknight;Ember Spirit, Juggernaut, Anti-Mage, Weaver, Mirana;Visage, Windranger, Vengeful Spirit, Weaver, Medusa, Enigma, Clockwerk
Earth Spirit;Abaddon, Lycan, Techies;Pudge, Tinker, Invoker, Templar Assassin, Enigma;Alchemist, Bloodseeker, Dark Seer, Faceless Void, Lifestealer, Techies
Earthshaker;Clockwerk, Death Prophet, Disruptor, Earth Spirit, Jakiro, Lifestealer, Necrophos, Night Stalker, Outworld Devourer, Puck, Razor, Rubick, Skywrath Mage, Sniper, Spectre, Templar Assassin, Venomancer, Viper, Windranger, Zeus;Broodmother, Chaos Knight, Enigma, Meepo, Naga Siren, Natures Prophet, Phantom Lancer;Dark Seer, Enigma, Magnus, Naga Siren, Puck, Sand King
Elder Titan;Brewmaster, Clockwerk, Lich, Lion, Sven, Juggernaut;Morphling, Slark, Terrorblade, Viper, Phantom Lancer;Disruptor, Faceless Void, Kunkka, Slardar, Luna
Ember Spirit;Clinkz, Lion, Shadow Fiend, Silencer, Storm Spirit, Faceless Void, Omniknight, Outworld Devourer, Riki, Nyx Assassin, Kunkka;Meepo, Chaos Knight, Terrorblade, Crystal Maiden, Natures Prophet, Phantom Lancer, Queen of Pain;Magnus, Keeper of the Light, Dazzle
Enchantress;Broodmother, Chen, Crystal Maiden, Juggernaut, Lifestealer, Lina, Luna, Meepo, Riki, Timbersaw, Troll Warlord, Venomancer, Windranger;Ember Spirit, Lycan, Omniknight, Spirit Breaker, Sven, Ursa;Legion Commander, Lich, Io, Warlock
Enigma;Clockwerk, Medusa, Pudge, Rubick, Silencer, Sniper, Spectre, Storm Spirit, Vengeful Spirit, Warlock, Winter Wyvern, Zeus;Anti-Mage, Chaos Knight, Omniknight, Monkey King, Lifestealer, Crystal Maiden;Phoenix, Crystal Maiden, Warlock, Dark Seer, Witch Doctor, Outworld Devourer, Naga Siren
Faceless Void;Abaddon, Brewmaster, Earth Spirit, Night Stalker, Phoenix, Pudge, Shadow Demon, Silencer, Vengeful Spirit, Grimstroke, Sven;Anti-Mage, Bloodseeker, Bristleback, Invoker, Mirana, Queen of Pain, Razor, Rubick, Slark, Sniper, Weaver;Enigma, Disruptor, Jakiro, Invoker, Kunkka, Lich, Phoenix, Witch Doctor, Outworld Devourer
Grimstroke;Anti-Mage, Huskar, Omniknight, Phoenix, Riki, Rubick, Shadow Demon, Silencer, Sniper, Vengeful Spirit;Broodmother, Crystal Maiden, Io, Necrophos, Phantom Lancer, Terrorblade, Timbersaw, Weaver;Bane, Crystal Maiden, Lich, Lion, Lina, Necrophos, Phoenix, Pugna, Slark, Witch Doctor
Gyrocopter;Arc Warden, Huskar, Juggernaut, Lina, Lifestealer, Omniknight, Queen of Pain, Timbersaw;Meepo, Undying, Phantom Lancer, Chaos Knight, Terrorblade;Bloodseeker, Earthshaker, Enigma, Disruptor, Magnus, Rubick, Warlock
Huskar;Abaddon, Alchemist, Ancient Apparition, Axe, Bristleback, Chaos Knight, Enchantress, Bloodseeker, Juggernaut, Lifestealer, Naga Siren, Slardar, Ursa, Windranger, Necrophos;Weaver, Clockwerk, Dragon Knight, Earthshaker, Ember Spirit, Natures Prophet, Phoenix;Ancient Apparition, Beastmaster, Dazzle, Omniknight, Oracle, Necrophos, Pugna, Terrorblade, Troll Warlord, Witch Doctor
Invoker;Anti-Mage, Broodmother, Doom, Faceless Void, Lifestealer, Juggernaut, Night Stalker, Nyx Assassin, Queen of Pain, Silencer, Storm Spirit, Templar Assassin, Viper;Huskar, Legion Commander, Medusa, Tinker, Wraith King;Bloodseeker, Dark Seer, Disruptor, Natures Prophet, Faceless Void, Legion Commander
Io;Ancient Apparition, Bloodseeker, Bristleback, Clinkz, Disruptor, Legion Commander, Leshrac, Luna, Phantom Assassin, Sniper, Spirit Breaker, Treant Protector, Winter Wyvern;Drow Ranger, Meepo, Natures Prophet, Phoenix, Pudge, Underlord;Chaos Knight, Gyrocopter, Juggernaut, Legion Commander, Lifestealer, Phantom Assassin, Spirit Breaker, Sven, Tiny, Ursa
Jakiro;Anti-Mage, Clockwerk, Lifestealer, Oracle, Rubick, Silencer, Skywrath Mage;Axe, Broodmother, Chen, Chaos Knight, Meepo, Natures Prophet, Phantom Lancer, Riki, Templar Assassin, Treant Protector;Dark Seer, Faceless Void, Kunkka, Magnus, Shadow Demon, Treant Protector
Juggernaut;Axe, Bane, Chaos Knight, Clinkz, Omniknight, Outworld Devourer, Phantom Lancer, Ursa;Dark Willow, Invoker, Keeper of the Light, Necrophos, Phoenix, Templar Assassin, Zeus;Crystal Maiden, Dazzle, Shadow Shaman, Venomancer, Zeus
Keeper of the Light;Legion Commander, Lifestealer, Night Stalker, Nyx Assassin;Monkey King, Wraith King;Mars, Medusa, Lina, Luna, Pudge
Kunkka;Clinkz, Ursa, Silencer, Mirana, Phoenix, Omniknight, Huskar, Juggernaut, Lifestealer, Sniper, Outworld Devourer;Chaos Knight, Broodmother, Meepo, Phantom Lancer, Queen of Pain, Spectre, Sand King, Warlock;Dark Seer, Faceless Void, Huskar, Lifestealer, Slark
Legion Commander;Abaddon, Bane, Dazzle, Dragon Knight, Io, Mars, Medusa, Omniknight, Oracle, Pudge, Pugna, Razor, Sven, Treant Protector, Underlord, Ursa, Visage, Vengeful Spirit, Winter Wyvern, Witch Doctor;Anti-Mage, Bristleback, Broodmother, Chen, Drow Ranger, Huskar, Sniper, Terrorblade, Weaver;Ancient Apparition, Disruptor, Invoker, Lifestealer, Mirana, Shadow Fiend, Silencer, Skywrath Mage, Ursa, Witch Doctor, Zeus
Leshrac;Pugna, Anti-Mage, Clockwerk, Lifestealer, Nyx Assassin;Meepo, Visage, Chen, Broodmother, Io, Shadow Demon, Phantom Lancer;Dark Seer, Enigma, Magnus, Oracle
Lich;Anti-Mage, Broodmother, Huskar, Natures Prophet, Weaver;Meepo, Chaos Knight;Magnus, Treant Protector, Witch Doctor, Faceless Void, Enigma, Axe
Lifestealer;Ancient Apparition, Bane, Beastmaster, Chaos Knight, Clinkz, Terrorblade, Luna, Monkey King, Phantom Lancer, Slark, Ursa, Weaver;Enchantress, Spectre, Techies, Tinker;Clockwerk, Queen of Pain, Riki, Slardar, Spirit Breaker, Storm Spirit, Beastmaster
Lina;Anti-Mage, Faceless Void, Lifestealer, Nyx Assassin, Phantom Lancer, Silencer, Slark, Spectre, Sven, Viper;Crystal Maiden, Enchantress, Mirana, Terrorblade;Shadow Demon, Sven, Pugna, Bane
Lion;Abaddon, Lifestealer, Puck, Rubick, Slark, Nyx Assassin, Tidehunter;Drow Ranger, Ember Spirit, Enchantress, Medusa, Phantom Assassin, Weaver, Wraith King;Anti-Mage, Centaur Warrunner, Leshrac, Tinker, Ursa
Lone Druid;Phantom Assassin, Faceless Void, Legion Commander, Slark, Tinker;Natures Prophet, Silencer;Beastmaster, Lycan, Ogre Magi, Omniknight
Luna;Arc Warden, Bristleback, Broodmother, Juggernaut, Lina, Meepo, Phantom Lancer, Pudge, Sniper, Slark, Techies, Tinker, Zeus;Chen, Enchantress, Legion Commander, Lifestealer, Pugna, Bane, Necrophos;Crystal Maiden, Keeper of the Light, Night Stalker, Vengeful Spirit, Shadow Demon
Lycan;Axe, Beastmaster, Bloodseeker, Bristleback, Omniknight, Phantom Assassin, Sven, Timbersaw, Faceless Void;Lich, Techies, Arc Warden, Drow Ranger, Ursa;Beastmaster, Broodmother, Chen, Natures Prophet
Magnus;Alchemist, Night Stalker, Phoenix, Rubick, Sniper, Spectre, Treant Protector, Tinker, Venomancer, Wraith King, Zeus;Chaos Knight, Meepo, Lifestealer, Phantom Lancer;Anti-Mage, Enigma, Phantom Assassin, Sven, Troll Warlord, Kunkka
Mars;Batrider, Doom, Faceless Void, Huskar, Lina, Lion, Naga Siren, Necrophos, Oracle, Outworld Devourer, Pugna, Razor, Shadow Fiend, Underlord, Undying, Ursa, Venomancer, Viper, Zeus;Bloodseeker, Bristleback, Juggernaut, Legion Commander, Phantom Assassin, Slark, Spectre, Terrorblade, Troll Warlord, Weaver;Huskar, Crystal Maiden, Disruptor, Keeper of the Light, Kunkka, Lich, Monkey King, Phoenix, Riki, Sven
Medusa;Anti-Mage, Arc Warden, Invoker, Meepo, Nyx Assassin, Outworld Devourer, Phantom Lancer, Slark, Sniper;Enchantress, Lifestealer, Morphling, Necrophos, Sven, Undying, Slardar, Enigma, Axe, Spectre;Earthshaker, Axe, Drow Ranger, Keeper of the Light, Shadow Demon, Witch Doctor
Meepo;Lich, Axe, Earthshaker, Ember Spirit, Kunkka, Pangolier, Sven, Terrorblade, Winter Wyvern;Anti-Mage, Legion Commander, Phantom Lancer, Phoenix, Queen of Pain, Spirit Breaker, Storm Spirit;Disruptor, Kunkka, Silencer, Sven
Mirana;Abaddon, Arc Warden, Bloodseeker, Lina, Lycan, Meepo, Night Stalker, Puck, Slark, Windranger;Crystal Maiden, Drow Ranger, Invoker, Techies, Witch Doctor;Axe, Bane, Batrider, Clockwerk, Shadow Demon, Sven, Underlord
Monkey King;Batrider, Beastmaster, Bounty Hunter, Brewmaster, Clockwerk, Disruptor, Earth Spirit, Enigma, Huskar, Keeper of the Light, Lina, Magnus, Pangolier, Phantom Assassin, Pudge, Queen of Pain, Slardar, Spectre, Spirit Breaker, Storm Spirit, Techies, Timbersaw, Vengeful Spirit, Venomancer, Viper, Visage, Windranger;Chen, Drow Ranger, Natures Prophet, Shadow Fiend, Silencer, Skywrath Mage, Sniper, Witch Doctor;Beastmaster, Crystal Maiden, Dark Seer, Elder Titan, Keeper of the Light, Magnus, Natures Prophet, Oracle, Puck, Treant Protector
Morphling;Ancient Apparition, Anti-Mage, Arc Warden, Earth Spirit, Ember Spirit, Elder Titan, Lion, Meepo, Mirana, Outworld Devourer, Rubick, Skywrath Mage;Bloodseeker, Clockwerk, Drow Ranger, Lone Druid, Phantom Assassin, Razor, Sniper;Drow Ranger, Tiny, Pugna
Naga Siren;Axe, Enchantress, Earthshaker, Huskar, Lion, Outworld Devourer, Timbersaw, Zeus;Omniknight, Natures Prophet, Legion Commander, Templar Assassin, Crystal Maiden, Chen, Winter Wyvern, Bounty Hunter, Viper, Night Stalker, Enigma, Magnus, Arc Warden;Dazzle, Disruptor, Kunkka, Razor, Tidehunter
Natures Prophet;Batrider, Broodmother, Clockwerk, Death Prophet, Doom, Earthshaker, Elder Titan, Ember Spirit, Jakiro, Lina, Luna, Meepo, Naga Siren, Sand King, Shadow Shaman, Spectre, Spirit Breaker, Storm Spirit, Tinker, Underlord, Visage;Lich, Monkey King, Techies, Treant Protector, Venomancer, Weaver;Bloodseeker, Invoker, Lycan, Windranger, Riki, Mars
Necrophos;Ancient Apparition, Anti-Mage, Dazzle, Meepo, Oracle, Phantom Lancer, Rubick;Bristleback, Pudge, Axe, Phoenix, Sven;Abaddon, Axe, Legion Commander, Pugna
Night Stalker;Chaos Knight, Lycan, Naga Siren, Phantom Lancer, Tidehunter, Underlord;Storm Spirit, Anti-Mage, Bounty Hunter, Clinkz, Earthshaker, Keeper of the Light, Tinker, Riki, Slark;Lycan, Sniper, Luna, Magnus
Nyx Assassin;Bounty Hunter, Slardar, Bloodseeker, Lifestealer, Juggernaut, Night Stalker, Visage, Arc Warden;Puck, Crystal Maiden, Sniper, Enigma, Phoenix, Ember Spirit, Storm Spirit, Medusa, Windranger, Tinker, Outworld Devourer;Invoker, Legion Commander, Lifestealer, Bloodseeker
Ogre Magi;Chaos Knight, Lifestealer, Meepo, Phantom Lancer, Omniknight, Oracle;Io, Templar Assassin, Treant Protector;Juggernaut, Shadow Fiend, Sniper, Sven, Wraith King
Omniknight;Brewmaster, Doom, Invoker, Naga Siren, Oracle, Outworld Devourer, Rubick, Silencer;Axe, Chaos Knight, Death Prophet, Juggernaut, Legion Commander, Winter Wyvern;Clockwerk, Crystal Maiden, Keeper of the Light, Pudge, Storm Spirit
Oracle;Anti-Mage, Axe, Bristleback, Faceless Void, Shadow Demon, Spectre;Ember Spirit, Legion Commander, Dark Willow, Omniknight, Rubick, Ancient Apparition, Silencer, Phoenix;Alchemist, Ancient Apparition, Death Prophet, Huskar, Io, Legion Commander, Monkey King, Shadow Demon, Timbersaw, Ursa, Leshrac, Troll Warlord, Necrophos
Outworld Devourer;Legion Commander, Lone Druid, Nyx Assassin, Pugna, Rubick, Silencer, Sniper, Templar Assassin;Anti-Mage, Huskar, Legion Commander, Winter Wyvern, Morphling, Timbersaw, Wraith King, Medusa;Ogre Magi, Silencer, Winter Wyvern, Drow Ranger, Luna
Pangolier;Anti-Mage, Beastmaster, Bloodseeker, Centaur Warrunner, Doom, Faceless Void, Medusa, Naga Siren, Necrophos, Outworld Devourer, Queen of Pain, Spirit Breaker, Storm Spirit, Treant Protector, Vengeful Spirit, Puck;Arc Warden, Broodmother, Meepo, Monkey King, Phantom Lancer, Terrorblade, Timbersaw, Visage, Weaver;Abaddon, Batrider, Brewmaster, Clockwerk, Drow Ranger, Earth Spirit, Jakiro, Medusa, Undying, Weaver
Phantom Assassin;Axe, Bane, Broodmother, Centaur Warrunner, Dragon Knight, Lion, Morphling, Omniknight, Phoenix, Puck, Razor, Skywrath Mage, Spectre, Timbersaw, Tinker, Viper;Anti-Mage, Crystal Maiden, Dazzle, Natures Prophet, Riki, Sniper;Ancient Apparition, Beastmaster, Magnus, Omniknight, Slardar, Vengeful Spirit
Phantom Lancer;Axe, Bristleback, Centaur Warrunner, Dragon Knight, Earthshaker, Ember Spirit, Gyrocopter, Kunkka, Legion Commander, Leshrac, Meepo, Magnus, Pangolier, Phoenix, Puck, Sand King, Storm Spirit, Sven, Witch Doctor;Arc Warden, Bounty Hunter, Chaos Knight, Clockwerk, Disruptor, Lifestealer, Lone Druid, Slark, Templar Assassin, Treant Protector, Ursa, Viper, Visage, Wraith King;Bane, Crystal Maiden, Dazzle, Jakiro, Keeper of the Light, Oracle, Shadow Shaman, Slardar, Spirit Breaker, Undying, Venomancer
Phoenix;Troll Warlord, Night Stalker, Huskar, Ursa, Silencer, Lifestealer, Juggernaut, Meepo, Bloodseeker, Viper, Necrophos;Templar Assassin, Phantom Assassin, Legion Commander, Monkey King, Chen;Enigma, Treant Protector, Faceless Void, Warlock, Lifestealer, Sven, Tinker, Keeper of the Light, Invoker
Puck;Arc Warden, Faceless Void, Jakiro, Lycan, Night Stalker, Nyx Assassin, Silencer, Templar Assassin, Venomancer, Wraith King;Crystal Maiden, Mirana, Phoenix, Sniper, Terrorblade;Enigma, Invoker, Kunkka, Phoenix, Witch Doctor
Pudge;Abaddon, Anti-Mage, Bristleback, Doom, Legion Commander, Lifestealer, Mirana, Monkey King, Outworld Devourer, Slark, Tidehunter, Timbersaw, Weaver;Crystal Maiden, Drow Ranger, Luna, Spectre, Techies, Templar Assassin, Zeus, Sniper, Axe, Bloodseeker;Techies, Pugna, Arc Warden, Outworld Devourer, Lifestealer, Tiny
Pugna;Nyx Assassin, Clockwerk, Sniper, Phantom Lancer, Anti-Mage, Luna, Oracle, Storm Spirit;Enchantress, Juggernaut, Outworld Devourer, Timbersaw, Leshrac, Chaos Knight, Shadow Fiend, Faceless Void, Invoker, Skywrath Mage;Io, Legion Commander, Necrophos, Medusa, Skywrath Mage, Shadow Shaman
Queen of Pain;Anti-Mage, Arc Warden, Axe, Bloodseeker, Death Prophet, Disruptor, Faceless Void, Legion Commander, Luna, Meepo, Night Stalker, Nyx Assassin, Puck, Skywrath Mage;Drow Ranger, Enchantress, Huskar, Slark;Axe, Dark Seer, Enigma, Faceless Void, Lifestealer, Magnus, Omniknight
Razor;Anti-Mage, Chaos Knight, Earth Spirit, Huskar, Necrophos, Outworld Devourer, Queen of Pain, Slark, Sniper, Viper, Weaver;Bristleback, Lifestealer, Monkey King, Phantom Assassin, Spirit Breaker, Troll Warlord;Death Prophet, Shadow Demon, Outworld Devourer, Bane, Naga Siren
Riki;Axe, Bounty Hunter, Bristleback, Omniknight, Sven, Legion Commander, Faceless Void, Razor, Slardar, Zeus;Arc Warden, Chen, Crystal Maiden, Drow Ranger, Meepo, Skywrath Mage, Sniper, Ursa;Faceless Void, Lifestealer, Meepo, Dark Seer, Magnus, Enigma, Axe
Rubick;Bristleback, Clinkz, Legion Commander, Riki, Shadow Fiend, Silencer, Slark, Wraith King;Crystal Maiden, Earthshaker, Enigma, Invoker, Lich, Lina, Lion, Luna, Magnus, Morphling, Omniknight;Alchemist, Ancient Apparition, Crystal Maiden, Pudge
Sand King;Earth Spirit, Kunkka, Phoenix, Rubick, Silencer, Zeus;Broodmother, Meepo, Natures Prophet, Phantom Assassin, Slark, Templar Assassin;Crystal Maiden, Keeper of the Light, Tidehunter, Tiny, Monkey King, Warlock, Earthshaker
Shadow Demon;Anti-Mage, Ember Spirit, Leshrac, Lion, Phantom Assassin, Storm Spirit;Alchemist, Anti-Mage, Dark Seer, Legion Commander, Omniknight, Spectre, Juggernaut, Luna, Techies;Ancient Apparition, Dazzle, Terrorblade, Razor
Shadow Fiend;Axe, Bane, Bounty Hunter, Disruptor, Doom, Dragon Knight, Night Stalker, Pugna, Sniper, Spirit Breaker, Terrorblade, Tinker, Ursa, Viper, Zeus;Clockwerk, Meepo, Natures Prophet, Silencer, Slark;Bane, Clockwerk, Enigma, Legion Commander, Magnus, Slardar, Vengeful Spirit
Shadow Shaman;Mirana, Morphling, Riki, Wraith King, Visage;Huskar, Natures Prophet, Spirit Breaker, Templar Assassin, Terrorblade, Weaver;Juggernaut, Ursa, Troll Warlord, Pugna, Legion Commander
Silencer;Broodmother, Lycan, Nyx Assassin, Phantom Assassin, Phantom Lancer, Slark, Sniper, Ursa;Bristleback, Crystal Maiden, Enigma, Outworld Devourer, Pugna, Timbersaw, Tinker, Windranger, Zeus;Crystal Maiden, Anti-Mage, Pudge, Outworld Devourer
Skywrath Mage;Anti-Mage, Huskar, Abaddon, Pugna, Nyx Assassin, Wraith King;Timbersaw, Storm Spirit, Enchantress, Alchemist, Vengeful Spirit, Winter Wyvern;Faceless Void, Undying, Centaur Warrunner, Pugna, Silencer, Legion Commander
Slardar;Oracle, Abaddon, Phantom Lancer, Meepo;Riki, Clinkz, Bounty Hunter, Weaver, Shadow Fiend, Alchemist, Legion Commander;Bounty Hunter, Vengeful Spirit, Shadow Fiend, Alchemist, Lifestealer, Phantom Assassin, Templar Assassin
Slark;Ancient Apparition, Axe, Bloodseeker, Centaur Warrunner, Chaos Knight, Disruptor, Earthshaker, Meepo, Omniknight, Phantom Lancer, Puck, Tiny;Arc Warden, Drow Ranger, Luna, Medusa, Sniper, Spectre, Storm Spirit, Templar Assassin, Warlock;Bane, Earthshaker, Magnus, Kunkka, Omniknight, Skywrath Mage, Underlord, Witch Doctor
Sniper;Axe, Bloodseeker, Bounty Hunter, Centaur Warrunner, Clockwerk, Invoker, Lifestealer, Omniknight, Phantom Assassin, Phantom Lancer, Pudge, Slark, Spectre, Spirit Breaker, Storm Spirit, Tusk, Viper, Weaver;Drow Ranger, Earthshaker, Enigma, Medusa, Silencer, Shadow Fiend, Undying;Drow Ranger, Ogre Magi, Lich, Bloodseeker
Spectre;Anti-Mage, Lycan, Necrophos, Lion, Meepo, Omniknight, Juggernaut, Pugna, Riki, Shadow Shaman, Storm Spirit, Terrorblade, Undying, Viper, Winter Wyvern;Ancient Apparition, Crystal Maiden, Drow Ranger, Sniper, Lina, Magnus, Natures Prophet, Pudge, Rubick, Tinker, Windranger;Treant Protector, Bounty Hunter, Chen, Bloodseeker, Earthshaker, Magnus, Enigma, Outworld Devourer, Warlock
Spirit Breaker;Clockwerk, Ember Spirit, Outworld Devourer, Enigma, Invoker, Medusa, Meepo, Phoenix, Razor, Treant Protector, Underlord, Undying;Anti-Mage, Clinkz, Natures Prophet, Tinker, Ursa;Bloodseeker, Bounty Hunter, Io, Lifestealer, Dark Seer
Storm Spirit;Anti-Mage, Doom, Ember Spirit, Night Stalker, Nyx Assassin, Riki, Silencer, Skywrath Mage;Arc Warden, Ancient Apparition, Bloodseeker, Sniper, Tinker, Spectre, Weaver;Keeper of the Light, Omniknight, Lifestealer
Sven;Clockwerk, Enchantress, Lifestealer, Phantom Assassin, Razor, Omniknight, Sniper, Spectre, Troll Warlord, Venomancer, Winter Wyvern, Wraith King;Anti-Mage, Broodmother, Chaos Knight, Chen, Death Prophet, Doom, Meepo, Pangolier, Phantom Lancer, Warlock;Crystal Maiden, Dark Seer, Enigma, Io, Lion, Magnus, Oracle, Shadow Shaman, Troll Warlord
Techies;Death Prophet, Beastmaster, Night Stalker, Visage, Batrider, Abaddon, Anti-Mage, Juggernaut, Lifestealer, Oracle, Templar Assassin, Wraith King, Zeus, Chen;Ember Spirit, Meepo, Monkey King, Morphling, Phantom Assassin, Tinker;Batrider, Crystal Maiden, Dark Seer, Magnus, Pudge, Tusk, Tiny, Vengeful Spirit
Templar Assassin;Arc Warden, Venomancer, Viper, Dragon Knight, Pudge, Huskar;Shadow Fiend, Lina, Huskar, Luna, Necrophos, Storm Spirit;Slardar, Drow Ranger
Terrorblade;Earth Spirit, Axe, Elder Titan, Ursa, Lina, Shadow Shaman, Ember Spirit, Dazzle, Necrophos, Outworld Devourer, Razor, Sven, Tinker, Zeus;Ancient Apparition, Chaos Knight, Viper, Techies, Shadow Fiend, Pudge, Anti-Mage, Sniper, Meepo;Dazzle, Oracle, Shadow Demon
Tidehunter;Disruptor, Enigma, Luna, Outworld Devourer, Razor, Rubick, Silencer, Slark, Sniper, Ursa, Weaver;Batrider, Slardar, Windranger;Underlord, Earthshaker
Timbersaw;Bane, Doom, Ember Spirit, Faceless Void, Invoker, Necrophos, Outworld Devourer, Pangolier, Pugna, Skywrath Mage, Silencer, Storm Spirit, Zeus;Broodmother, Chaos Knight, Chen, Meepo, Monkey King, Natures Prophet, Phantom Assassin, Phantom Lancer, Razor, Slark, Terrorblade, Treant Protector;Bounty Hunter, Crystal Maiden, Enigma, Magnus, Faceless Void
Tinker;Anti-Mage, Clockwerk, Dazzle, Doom, Legion Commander, Lifestealer, Luna, Night Stalker, Nyx Assassin, Pudge, Silencer, Slark, Storm Spirit, Vengeful Spirit, Zeus, Pugna;Bloodseeker, Chaos Knight, Faceless Void, Shadow Fiend, Terrorblade, Timbersaw;Faceless Void, Kunkka, Natures Prophet, Spirit Breaker, Bloodseeker, Keeper of the Light, Bounty Hunter, Slardar
Tiny;Bristleback, Juggernaut, Lifestealer, Lion, Necrophos, Slardar, Viper;Broodmother, Meepo, Naga Siren;Earthshaker, Io, Magnus, Slardar, Tidehunter, Pudge
Treant Protector;Natures Prophet, Phantom Lancer, Rubick, Slardar, Timbersaw, Venomancer, Viper;Spirit Breaker, Anti-Mage, Lycan, Storm Spirit, Drow Ranger;Keeper of the Light, Crystal Maiden, Mirana, Pudge, Sven, Warlock
Troll Warlord;Axe, Bane, Chaos Knight, Crystal Maiden, Lich, Oracle, Outworld Devourer, Razor, Sniper, Timbersaw, Underlord, Winter Wyvern;Anti-Mage, Huskar, Juggernaut, Lifestealer, Phantom Assassin, Phoenix, Sven, Undying;Legion Commander, Slardar
Tusk;Anti-Mage, Disruptor, Earth Spirit, Earthshaker, Phantom Lancer, Razor, Techies;Bane, Bloodseeker, Crystal Maiden, Legion Commander, Pugna, Shadow Fiend, Sniper, Venomancer, Viper;Omniknight, Axe, Juggernaut, Legion Commander, Lifestealer, Tidehunter, Tiny, Meepo
Underlord;Bloodseeker, Io, Kunkka, Natures Prophet, Spectre, Sniper, Treant Protector, Winter Wyvern, Rubick, Shadow Fiend, Visage, Ursa;Drow Ranger, Faceless Void, Juggernaut, Legion Commander, Sven, Templar Assassin;Disruptor, Dragon Knight, Elder Titan, Leshrac, Mirana, Riki, Rubick, Timbersaw, Vengeful Spirit
Undying;Alchemist, Earthshaker, Gyrocopter, Luna, Necrophos, Silencer;Spectre, Ogre Magi, Centaur Warrunner, Winter Wyvern, Sven, Bristleback;Broodmother, Crystal Maiden, Naga Siren, Warlock, Winter Wyvern, Lich, Witch Doctor
Ursa;Bane, Bristleback, Lion, Riki, Templar Assassin, Viper, Weaver, Windranger;Lifestealer, Lina, Timbersaw, Huskar, Medusa, Axe, Underlord;Bristleback, Dazzle, Io, Disruptor, Shadow Shaman, Lion, Bane
Vengeful Spirit;Anti-Mage, Nyx Assassin, Phantom Lancer, Spirit Breaker, Tidehunter, Viper;Batrider, Clockwerk, Faceless Void, Huskar, Meepo, Monkey King, Morphling;Techies, Shadow Fiend, Slardar, Drow Ranger, Mirana, Bloodseeker, Crystal Maiden, Weaver
Venomancer;Legion Commander, Slark, Rubick, Anti-Mage, Huskar, Oracle, Terrorblade, Sniper;Axe, Templar Assassin, Techies, Magnus;Ancient Apparition, Undying
Viper;Broodmother, Chaos Knight, Invoker, Lifestealer, Phantom Lancer, Rubick, Terrorblade, Weaver, Windranger;Abaddon, Axe, Bristleback, Dragon Knight, Earthshaker, Huskar, Mars, Monkey King, Necrophos, Razor, Slark, Spectre, Templar Assassin, Tidehunter, Venomancer, Visage, Zeus;Abaddon, Beastmaster, Clockwerk, Crystal Maiden, Dark Seer, Dazzle, Drow Ranger, Earth Spirit, Faceless Void, Lich, Luna, Necrophos, Ogre Magi, Slardar, Treant Protector
Visage;Axe, Centaur Warrunner, Gyrocopter, Luna, Rubick, Timbersaw, Tidehunter;Clockwerk, Invoker, Natures Prophet, Puck, Pudge, Shadow Shaman, Spectre;Drow Ranger, Slardar, Lifestealer, Beastmaster, Elder Titan
Warlock;Weaver, Anti-Mage, Bloodseeker, Silencer, Dark Seer, Ember Spirit;Huskar, Meepo, Templar Assassin, Shadow Fiend;Sven, Bloodseeker, Axe, Dark Seer, Magnus, Enigma, Silencer, Spectre
Weaver;Axe, Bloodseeker, Drow Ranger, Faceless Void, Night Stalker, Nyx Assassin, Skywrath Mage, Slardar, Zeus;Ancient Apparition, Brewmaster, Lifestealer, Undying, Pudge, Sven, Ursa, Wraith King;Crystal Maiden, Alchemist, Vengeful Spirit
Windranger;Axe, Bloodseeker, Centaur Warrunner, Clockwerk, Doom, Razor, Silencer, Tinker, Venomancer;Shadow Fiend, Pudge, Wraith King, Phantom Assassin;Natures Prophet, Drow Ranger
Winter Wyvern;Ancient Apparition, Invoker, Luna, Naga Siren, Omniknight, Outworld Devourer, Pugna, Skywrath Mage, Slark, Timbersaw, Tinker, Undying;Beastmaster, Chaos Knight, Lycan, Legion Commander, Meepo, Troll Warlord;Dark Seer, Enigma, Magnus, Venomancer, Invoker
Witch Doctor;Omniknight, Faceless Void, Morphling, Oracle, Riki, Rubick, Silencer, Vengeful Spirit;Lone Druid, Lycan, Monkey King, Venomancer;Enigma, Faceless Void, Lich, Magnus, Underlord, Undying
Wraith King;Anti-Mage, Chaos Knight, Invoker, Lion, Phantom Lancer, Riki, Slark, Terrorblade, Weaver;Axe, Bloodseeker, Doom, Legion Commander, Necrophos, Techies;Ursa, Troll Warlord, Bloodseeker
Zeus;Anti-Mage, Faceless Void, Chaos Knight, Juggernaut, Lifestealer, Meepo, Pudge, Pugna, Silencer, Ursa, Viper;Slardar, Enchantress, Timbersaw, Bounty Hunter, Winter Wyvern, Lich, Necrophos, Tinker;Ancient Apparition, Bloodseeker, Dazzle, Omniknight, Tidehunter
